{"cameraMode":{"drawMode":0,"name":"Shaded","section":"Shading Mode"},"sceneLighting":true,"audioPlay":false,"sceneViewState":{"showFog":true,"showMaterialUpdate":false,"showSkybox":true,"showFlares":true,"showImageEffects":true,"showParticleSystems":true},"in2DMode":false,"pivot":{"x":-1.3354158401489258,"y":-1.0949244499206544,"z":-0.9808423519134522},"rotation":{"x":-0.19020068645477296,"y":0.6173088550567627,"z":-0.15717072784900666,"w":-0.7470393776893616},"size":7.9245285987854,"orthographic":false}